network,architecture,energy_model,optical_loss_db_per_stage,mapping,layers,energy_j,latency_s,edp_j_s,frontier_states,accuracy,accuracy_status
gpt2_medium,c8_r32,optimistic_constant_symbol,0.0,ASWM,145,69.32739095803097,2.2629842944000007,156.88679690975272,1,,NOT_MODELED
gpt2_medium,c8_r32,optimistic_constant_symbol,0.5,ASWM,145,69.33408625213289,2.2629842944000007,156.90194825515175,1,,NOT_MODELED
gpt2_medium,c8_r32,optimistic_constant_symbol,1.0,ASWM,145,69.34159849567203,2.2629842944000007,156.91894834429652,1,,NOT_MODELED
gpt2_medium,c8_r32,linear_bit,0.0,ASWM,145,99.35822840398242,2.2629842944000007,224.84611039762027,1,,NOT_MODELED
gpt2_medium,c8_r32,linear_bit,0.5,ASWM,145,99.36492369808423,2.2629842944000007,224.86126174301904,1,,NOT_MODELED
gpt2_medium,c8_r32,linear_bit,1.0,ASWM,145,99.37243594162348,2.2629842944000007,224.87826183216407,1,,NOT_MODELED
gpt2_medium,c8_r32,conservative_walden,0.0,ASWM,145,209.47129903913796,2.2629842944000007,474.0302598531352,60578,,NOT_MODELED
gpt2_medium,c8_r32,conservative_walden,0.5,ASWM,145,209.4779943332398,2.2629842944000007,474.045411198534,60578,,NOT_MODELED
gpt2_medium,c8_r32,conservative_walden,1.0,ASWM,145,209.485506576779,2.2629842944000007,474.0624112876789,60578,,NOT_MODELED
alexnet,c4_r32,optimistic_constant_symbol,0.0,ASWM,8,1.0740194327136212,0.0346481664,0.03721280402149515,1,,NOT_MODELED
alexnet,c4_r32,optimistic_constant_symbol,0.5,ASWM,8,1.074090873086399,0.0346481664,0.037215279299418834,1,,NOT_MODELED
alexnet,c4_r32,optimistic_constant_symbol,1.0,ASWM,8,1.0741710305030372,0.0346481664,0.03721805660692871,1,,NOT_MODELED
alexnet,c4_r32,linear_bit,0.0,ASWM,8,1.5756107189493334,0.0346481664,0.05459202237178013,112,,NOT_MODELED
alexnet,c4_r32,linear_bit,0.5,ASWM,8,1.5756821593221106,0.0346481664,0.054594497649703796,112,,NOT_MODELED
alexnet,c4_r32,linear_bit,1.0,ASWM,8,1.5757623167387491,0.0346481664,0.054597274957213685,112,,NOT_MODELED
alexnet,c4_r32,conservative_walden,0.0,ASWM,8,1.671848472113071,0.0692963328,0.11585296811471889,102,,NOT_MODELED
alexnet,c4_r32,conservative_walden,0.5,ASWM,8,1.6723317727091902,0.0692963328,0.11588645907367,102,,NOT_MODELED
alexnet,c4_r32,conservative_walden,1.0,ASWM,8,1.6730144529465476,0.0692963328,0.1159337663105939,102,,NOT_MODELED
gpt2_medium,c8_r16,optimistic_constant_symbol,0.0,ASWM,145,74.68859204929166,2.2629842944000007,169.01911077839577,1,,NOT_MODELED
gpt2_medium,c8_r16,optimistic_constant_symbol,0.5,ASWM,145,74.70194644671649,2.2629842944000007,169.04933157002935,1,,NOT_MODELED
gpt2_medium,c8_r16,optimistic_constant_symbol,1.0,ASWM,145,74.71693032707316,2.2629842944000007,169.08323985594566,1,,NOT_MODELED
gpt2_medium,c8_r16,linear_bit,0.0,ASWM,145,134.5278162934469,2.2629842944000007,304.4343354319989,60818,,NOT_MODELED
gpt2_medium,c8_r16,linear_bit,0.5,ASWM,145,134.54117069087158,2.2629842944000007,304.4645562236321,60578,,NOT_MODELED
gpt2_medium,c8_r16,linear_bit,1.0,ASWM,145,134.5561545712283,2.2629842944000007,304.49846450954846,60338,,NOT_MODELED
gpt2_medium,c8_r16,conservative_walden,0.0,ASWM,145,148.657537845889,4.525968588800001,672.8193467788411,60338,,NOT_MODELED
gpt2_medium,c8_r16,conservative_walden,0.5,ASWM,145,148.74785654115703,4.525968588800001,673.2281263566056,60338,,NOT_MODELED
gpt2_medium,c8_r16,conservative_walden,1.0,ASWM,145,148.8754350892045,4.525968588800001,673.8055428576731,60338,,NOT_MODELED
resnet18,c4_r16,optimistic_constant_symbol,0.0,ASWM,21,2.5901102521033126,0.0647600128,0.16773557307962175,1,,NOT_MODELED
resnet18,c4_r16,optimistic_constant_symbol,0.5,ASWM,21,2.590445385418824,0.0647600128,0.16775727631742396,1,,NOT_MODELED
resnet18,c4_r16,optimistic_constant_symbol,1.0,ASWM,21,2.5908214111834766,0.0647600128,0.16778162775075603,1,,NOT_MODELED
resnet18,c4_r16,linear_bit,0.0,ASWM,21,4.892234031065873,0.0647600128,0.31682113847242155,784,,NOT_MODELED
resnet18,c4_r16,linear_bit,0.5,ASWM,21,4.892569164381382,0.0647600128,0.31684284171022364,784,,NOT_MODELED
resnet18,c4_r16,linear_bit,1.0,ASWM,21,4.892945190146038,0.0647600128,0.3168671931435558,784,,NOT_MODELED
resnet18,c4_r16,conservative_walden,0.0,ASWM,21,4.8139672300102,0.1295200256,0.6235051588684822,2037,,NOT_MODELED
resnet18,c4_r16,conservative_walden,0.5,ASWM,21,4.816231566693556,0.1295200256,0.6237984358136776,2037,,NOT_MODELED
resnet18,c4_r16,conservative_walden,1.0,ASWM,21,4.819430027272463,0.1295200256,0.6242127005097381,1999,,NOT_MODELED
vision_transformer,compact_4x4,optimistic_constant_symbol,0.0,ASWM,98,42.13270667773888,0.42142632959999976,17.755831931312898,1,,NOT_MODELED
vision_transformer,compact_4x4,optimistic_constant_symbol,0.5,ASWM,98,42.14268120848656,0.42142632959999976,17.760035461195372,1,,NOT_MODELED
vision_transformer,compact_4x4,optimistic_constant_symbol,1.0,ASWM,98,42.153872816058396,0.42142632959999976,17.764751899296694,1,,NOT_MODELED
vision_transformer,compact_4x4,linear_bit,0.0,ASWM,98,131.1973865278662,0.42142632959999976,55.290033057551106,112029,,NOT_MODELED
vision_transformer,compact_4x4,linear_bit,0.5,ASWM,98,131.20736105861394,0.42142632959999976,55.29423658743361,112029,,NOT_MODELED
vision_transformer,compact_4x4,linear_bit,1.0,ASWM,98,131.21855266618573,0.42142632959999976,55.298953025534914,112029,,NOT_MODELED
vision_transformer,compact_4x4,conservative_walden,0.0,ASWM,98,109.4001442543871,0.8428526591999995,92.20820250167371,98811,,NOT_MODELED
vision_transformer,compact_4x4,conservative_walden,0.5,ASWM,98,109.4673630528533,0.8428526591999995,92.26485804470919,98811,,NOT_MODELED
vision_transformer,compact_4x4,conservative_walden,1.0,ASWM,98,109.56231212939112,0.8428526591999995,92.34488612635766,98811,,NOT_MODELED
mobilenet_v3,c4_r16,optimistic_constant_symbol,0.0,ASWM,64,0.48234024185257673,0.020587878400000006,0.009930362246687443,1,,NOT_MODELED
mobilenet_v3,c4_r16,optimistic_constant_symbol,0.5,ASWM,64,0.48243363396796424,0.020587878400000006,0.00993228499220256,1,,NOT_MODELED
mobilenet_v3,c4_r16,optimistic_constant_symbol,1.0,ASWM,64,0.48253842164491567,0.020587878400000006,0.009934442348153454,1,,NOT_MODELED
mobilenet_v3,c4_r16,linear_bit,0.0,ASWM,64,1.1752401298919493,0.020587878400000006,0.024195700885015662,417856,,NOT_MODELED
mobilenet_v3,c4_r16,linear_bit,0.5,ASWM,64,1.1753335220073373,0.020587878400000006,0.024197623630530792,416053,,NOT_MODELED
mobilenet_v3,c4_r16,linear_bit,1.0,ASWM,64,1.175438309684289,0.020587878400000006,0.024199780986481692,411483,,NOT_MODELED
mobilenet_v3,c4_r16,conservative_walden,0.0,ASWM,64,1.0356582169116255,0.04117575680000001,0.042644010867474755,604981,,NOT_MODELED
mobilenet_v3,c4_r16,conservative_walden,0.5,ASWM,64,1.0362897747379893,0.04117575680000001,0.04267001573893824,599613,,NOT_MODELED
mobilenet_v3,c4_r16,conservative_walden,1.0,ASWM,64,1.0371818738793268,0.04117575680000001,0.04270674859622345,596517,,NOT_MODELED
mobilenet_v3,c8_r4,optimistic_constant_symbol,0.0,ASWM,64,0.4464936963238521,0.008670335999999999,0.003871250369009762,1,,NOT_MODELED
mobilenet_v3,c8_r4,optimistic_constant_symbol,0.5,ASWM,64,0.44668565076923017,0.008670335999999999,0.0038729146785478836,1,,NOT_MODELED
mobilenet_v3,c8_r4,optimistic_constant_symbol,1.0,ASWM,64,0.44690102719932967,0.008670335999999999,0.0038747820645633267,1,,NOT_MODELED
mobilenet_v3,c8_r4,linear_bit,0.0,ASWM,64,1.1995952509514363,0.008670335999999999,0.01040089388975327,86271,,NOT_MODELED
mobilenet_v3,c8_r4,linear_bit,0.5,ASWM,64,1.1997872053968137,0.008670335999999999,0.010402558199291386,85925,,NOT_MODELED
mobilenet_v3,c8_r4,linear_bit,1.0,ASWM,64,1.2000025818269142,0.008670335999999999,0.01040442558530684,84976,,NOT_MODELED
mobilenet_v3,c8_r4,conservative_walden,0.0,ASWM,64,1.0530832677813506,0.017340671999999998,0.018261171535284566,209049,,NOT_MODELED
mobilenet_v3,c8_r4,conservative_walden,0.5,ASWM,64,1.0543794433833011,0.017340671999999998,0.018283648091252394,209114,,NOT_MODELED
mobilenet_v3,c8_r4,conservative_walden,1.0,ASWM,64,1.05621034008548,0.017340671999999998,0.01831539707043076,208603,,NOT_MODELED
mobilenet_v3,compact_4x4,optimistic_constant_symbol,0.0,ASWM,64,0.7208324890353592,0.008423756800000001,0.006072117581172534,1,,NOT_MODELED
mobilenet_v3,compact_4x4,optimistic_constant_symbol,0.5,ASWM,64,0.7210141240513701,0.008423756800000001,0.006073647630373774,1,,NOT_MODELED
mobilenet_v3,compact_4x4,optimistic_constant_symbol,1.0,ASWM,64,0.7212179218912819,0.008423756800000001,0.006075364373813555,1,,NOT_MODELED
mobilenet_v3,compact_4x4,linear_bit,0.0,ASWM,64,2.1917943823799986,0.008423756800000001,0.018463142832775316,239711,,NOT_MODELED
mobilenet_v3,compact_4x4,linear_bit,0.5,ASWM,64,2.1919760173960103,0.008423756800000001,0.018464672881976563,239162,,NOT_MODELED
mobilenet_v3,compact_4x4,linear_bit,1.0,ASWM,64,2.1921798152359213,0.008423756800000001,0.01846638962541634,238259,,NOT_MODELED
mobilenet_v3,compact_4x4,conservative_walden,0.0,ASWM,64,1.8102661494529981,0.016847513600000003,0.030498483572529024,216608,,NOT_MODELED
mobilenet_v3,compact_4x4,conservative_walden,0.5,ASWM,64,1.8114923408029133,0.016847513600000003,0.03051914184797292,216365,,NOT_MODELED
mobilenet_v3,compact_4x4,conservative_walden,1.0,ASWM,64,1.8132243821215597,0.016847513600000003,0.03054832243764458,216339,,NOT_MODELED
vision_transformer,c8_r32,optimistic_constant_symbol,0.0,ASWM,98,12.44137885679884,0.4214415359999999,5.243313815367226,1,,NOT_MODELED
vision_transformer,c8_r32,optimistic_constant_symbol,0.5,ASWM,98,12.44262562336651,0.4214415359999999,5.243839254584538,1,,NOT_MODELED
vision_transformer,c8_r32,optimistic_constant_symbol,1.0,ASWM,98,12.444024518463696,0.4214415359999999,5.244428807082999,1,,NOT_MODELED
vision_transformer,c8_r32,linear_bit,0.0,ASWM,98,18.033479785605937,0.4214415359999999,7.600057420270715,1,,NOT_MODELED
vision_transformer,c8_r32,linear_bit,0.5,ASWM,98,18.034726552173648,0.4214415359999999,7.6005828594880445,1,,NOT_MODELED
vision_transformer,c8_r32,linear_bit,1.0,ASWM,98,18.036125447270788,0.4214415359999999,7.601172411986486,1,,NOT_MODELED
vision_transformer,c8_r32,conservative_walden,0.0,ASWM,98,38.53784985789873,0.4214415359999999,16.241450638250218,26848,,NOT_MODELED
vision_transformer,c8_r32,conservative_walden,0.5,ASWM,98,38.53909662446642,0.4214415359999999,16.241976077467537,26848,,NOT_MODELED
vision_transformer,c8_r32,conservative_walden,1.0,ASWM,98,38.540495519563535,0.4214415359999999,16.24256562996597,26848,,NOT_MODELED
alexnet,c4_r16,optimistic_constant_symbol,0.0,ASWM,8,1.0259120529118892,0.0315661312,0.032384074461878035,1,,NOT_MODELED
alexnet,c4_r16,optimistic_constant_symbol,0.5,ASWM,8,1.026052060548358,0.0315661312,0.032388493961299815,1,,NOT_MODELED
alexnet,c4_r16,optimistic_constant_symbol,1.0,ASWM,8,1.0262091517002194,0.0315661312,0.03239345272120983,1,,NOT_MODELED
alexnet,c4_r16,linear_bit,0.0,ASWM,8,2.011087402099435,0.0315661312,0.06348224878933792,108,,NOT_MODELED
alexnet,c4_r16,linear_bit,0.5,ASWM,8,2.0112274097359037,0.0315661312,0.06348666828875969,106,,NOT_MODELED
alexnet,c4_r16,linear_bit,1.0,ASWM,8,2.011384500887765,0.0315661312,0.06349162704866972,106,,NOT_MODELED
alexnet,c4_r16,conservative_walden,0.0,ASWM,8,1.9552628603077666,0.0631322624,0.12344016795792447,242,,NOT_MODELED
alexnet,c4_r16,conservative_walden,0.5,ASWM,8,1.956208385805352,0.0631322624,0.12349986112174392,239,,NOT_MODELED
alexnet,c4_r16,conservative_walden,1.0,ASWM,8,1.9575439760700906,0.0631322624,0.12358417995679628,235,,NOT_MODELED
gpt2_medium,c4_r16,optimistic_constant_symbol,0.0,ASWM,145,117.77053784996224,2.2629842944000007,266.5128774975054,1,,NOT_MODELED
gpt2_medium,c4_r16,optimistic_constant_symbol,0.5,ASWM,145,117.78389224738685,2.2629842944000007,266.5430982891384,1,,NOT_MODELED
gpt2_medium,c4_r16,optimistic_constant_symbol,1.0,ASWM,145,117.79887612774353,2.2629842944000007,266.5770065750548,1,,NOT_MODELED
gpt2_medium,c4_r16,linear_bit,0.0,ASWM,145,237.48136406732948,2.2629842944000007,537.4165970970553,63938,,NOT_MODELED
gpt2_medium,c4_r16,linear_bit,0.5,ASWM,145,237.49471846475387,2.2629842944000007,537.4468178886879,63938,,NOT_MODELED
gpt2_medium,c4_r16,linear_bit,1.0,ASWM,145,237.50970234511055,2.2629842944000007,537.4807261746042,63938,,NOT_MODELED
gpt2_medium,c4_r16,conservative_walden,0.0,ASWM,145,231.399013448529,4.525968588800001,1047.3046663473513,153139,,NOT_MODELED
gpt2_medium,c4_r16,conservative_walden,0.5,ASWM,145,231.48933214379747,4.525968588800001,1047.7134459251179,152802,,NOT_MODELED
gpt2_medium,c4_r16,conservative_walden,1.0,ASWM,145,231.61691069184508,4.525968588800001,1048.290862426186,151791,,NOT_MODELED
gpt2_medium,compact_4x4,optimistic_constant_symbol,0.0,ASWM,145,227.12744911737053,2.262905651200001,513.9679881503384,1,,NOT_MODELED
gpt2_medium,compact_4x4,optimistic_constant_symbol,0.5,ASWM,145,227.181011482967,2.262905651200001,514.0891947301383,1,,NOT_MODELED
gpt2_medium,compact_4x4,optimistic_constant_symbol,1.0,ASWM,145,227.24110944562244,2.262905651200001,514.2251907494569,1,,NOT_MODELED
gpt2_medium,compact_4x4,linear_bit,0.0,ASWM,145,705.3964559060606,2.262905651200001,1596.2456264062769,209955,,NOT_MODELED
gpt2_medium,compact_4x4,linear_bit,0.5,ASWM,145,705.450018271657,2.262905651200001,1596.3668329860766,209955,,NOT_MODELED
gpt2_medium,compact_4x4,linear_bit,1.0,ASWM,145,705.5101162343122,2.262905651200001,1596.5028290053947,209955,,NOT_MODELED
gpt2_medium,compact_4x4,conservative_walden,0.0,ASWM,145,588.3488291469778,4.525811302400002,2662.7557807072,197488,,NOT_MODELED
gpt2_medium,compact_4x4,conservative_walden,0.5,ASWM,145,588.7097882596006,4.525811302400002,2664.3894135388123,197249,,NOT_MODELED
gpt2_medium,compact_4x4,conservative_walden,1.0,ASWM,145,589.2196565582515,4.525811302400002,2666.696981247582,196477,,NOT_MODELED
mobilenet_v3,c8_r32,optimistic_constant_symbol,0.0,ASWM,64,0.2967986264594167,0.0383316736,0.011376788074370684,1,,NOT_MODELED
mobilenet_v3,c8_r32,optimistic_constant_symbol,0.5,ASWM,64,0.29688128696956206,0.0383316736,0.011379956590065186,1,,NOT_MODELED
mobilenet_v3,c8_r32,optimistic_constant_symbol,1.0,ASWM,64,0.296974033587387,0.0383316736,0.011383511723147156,1,,NOT_MODELED
mobilenet_v3,c8_r32,linear_bit,0.0,ASWM,64,0.5757537522633462,0.0383316736,0.02206960490573385,688,,NOT_MODELED
mobilenet_v3,c8_r32,linear_bit,0.5,ASWM,64,0.5758364127734917,0.0383316736,0.022072773421428354,685,,NOT_MODELED
mobilenet_v3,c8_r32,linear_bit,1.0,ASWM,64,0.5759291593913164,0.0383316736,0.022076328554510312,641,,NOT_MODELED
mobilenet_v3,c8_r32,conservative_walden,0.0,ASWM,64,0.5713650853189765,0.0766633472,0.04380275991376631,589456,,NOT_MODELED
mobilenet_v3,c8_r32,conservative_walden,0.5,ASWM,64,0.5719236828195868,0.0766633472,0.043845583867900655,588578,,NOT_MODELED
mobilenet_v3,c8_r32,conservative_walden,1.0,ASWM,64,0.5727127227615313,0.0766633472,0.043906074310924616,586087,,NOT_MODELED
vision_transformer,paper_optimum_8x8,optimistic_constant_symbol,0.0,ASWM,98,16.983951338480665,0.42142632959999976,7.15748427468091,1,,NOT_MODELED
vision_transformer,paper_optimum_8x8,optimistic_constant_symbol,0.5,ASWM,98,16.988925024536048,0.42142632959999976,7.159580316939812,1,,NOT_MODELED
vision_transformer,paper_optimum_8x8,optimistic_constant_symbol,1.0,ASWM,98,16.994505592076024,0.42142632959999976,7.1619321150352695,1,,NOT_MODELED
vision_transformer,paper_optimum_8x8,linear_bit,0.0,ASWM,98,39.270001239746776,0.42142632959999976,16.549412485853924,9036,,NOT_MODELED
vision_transformer,paper_optimum_8x8,linear_bit,0.5,ASWM,98,39.27497492580214,0.42142632959999976,16.55150852811282,9036,,NOT_MODELED
vision_transformer,paper_optimum_8x8,linear_bit,1.0,ASWM,98,39.28055549334217,0.42142632959999976,16.553860326208298,9036,,NOT_MODELED
vision_transformer,paper_optimum_8x8,conservative_walden,0.0,ASWM,98,38.532397348046594,0.8428526591999995,32.477133570152084,24004,,NOT_MODELED
vision_transformer,paper_optimum_8x8,conservative_walden,0.5,ASWM,98,38.566119923058345,0.8428526591999995,32.505556732175805,20367,,NOT_MODELED
vision_transformer,paper_optimum_8x8,conservative_walden,1.0,ASWM,98,38.61375432636385,0.8428526591999995,32.54570551567126,15863,,NOT_MODELED
vision_transformer,c8_r16,optimistic_constant_symbol,0.0,ASWM,98,13.435005519417917,0.4214449151999999,5.662114761842615,1,,NOT_MODELED
vision_transformer,c8_r16,optimistic_constant_symbol,0.5,ASWM,98,13.437492365691803,0.4214449151999999,5.663162830559628,1,,NOT_MODELED
vision_transformer,c8_r16,optimistic_constant_symbol,1.0,ASWM,98,13.440282653104125,0.4214449151999999,5.664338783001497,1,,NOT_MODELED
vision_transformer,c8_r16,linear_bit,0.0,ASWM,98,24.5781369375038,0.4214449151999999,10.358330837400274,10356,,NOT_MODELED
vision_transformer,c8_r16,linear_bit,0.5,ASWM,98,24.580623783777664,0.4214449151999999,10.359378906117279,10356,,NOT_MODELED
vision_transformer,c8_r16,linear_bit,1.0,ASWM,98,24.58341407119001,0.4214449151999999,10.360554858559157,10356,,NOT_MODELED
vision_transformer,c8_r16,conservative_walden,0.0,ASWM,98,27.209449016296997,0.8428898303999998,22.934567866624015,16922,,NOT_MODELED
vision_transformer,c8_r16,conservative_walden,0.5,ASWM,98,27.226264799159765,0.8428898303999998,22.948741718989258,16922,,NOT_MODELED
vision_transformer,c8_r16,conservative_walden,1.0,ASWM,98,27.250017723795747,0.8428898303999998,22.968762817607185,16922,,NOT_MODELED
mobilenet_v3,c8_r16,optimistic_constant_symbol,0.0,ASWM,64,0.31296871839315876,0.021751987200000007,0.006807691556488396,1,,NOT_MODELED
mobilenet_v3,c8_r16,optimistic_constant_symbol,0.5,ASWM,64,0.3130719190429717,0.021751987200000007,0.006809936375702159,1,,NOT_MODELED
mobilenet_v3,c8_r16,optimistic_constant_symbol,1.0,ASWM,64,0.31318771207655755,0.021751987200000007,0.0068124551042865675,1,,NOT_MODELED
mobilenet_v3,c8_r16,linear_bit,0.0,ASWM,64,0.672159809661946,0.021751987200000007,0.01462081157612109,251434,,NOT_MODELED
mobilenet_v3,c8_r16,linear_bit,0.5,ASWM,64,0.6722630103117584,0.021751987200000007,0.01462305639533484,244183,,NOT_MODELED
mobilenet_v3,c8_r16,linear_bit,1.0,ASWM,64,0.672378803345345,0.021751987200000007,0.014625575123919267,231981,,NOT_MODELED
mobilenet_v3,c8_r16,conservative_walden,0.0,ASWM,64,0.6445677651568122,0.04350397440000001,0.02804125955444718,252248,,NOT_MODELED
mobilenet_v3,c8_r16,conservative_walden,0.5,ASWM,64,0.6452656200681842,0.04350397440000001,0.02807161901664642,251935,,NOT_MODELED
mobilenet_v3,c8_r16,conservative_walden,1.0,ASWM,64,0.6462513663311976,0.04350397440000001,0.02811450289683745,251106,,NOT_MODELED
vision_transformer,c4_r8,optimistic_constant_symbol,0.0,ASWM,98,27.401421799049576,0.42142632959999976,11.547680614594885,1,,NOT_MODELED
vision_transformer,c4_r8,optimistic_constant_symbol,0.5,ASWM,98,27.406395547669497,0.42142632959999976,11.54977668322013,1,,NOT_MODELED
vision_transformer,c4_r8,optimistic_constant_symbol,1.0,ASWM,98,27.41197618540799,0.42142632959999976,11.552128510899092,1,,NOT_MODELED
vision_transformer,c4_r8,linear_bit,0.0,ASWM,98,72.14045448716945,0.42142632959999976,30.401886950203654,92580,,NOT_MODELED
vision_transformer,c4_r8,linear_bit,0.5,ASWM,98,72.14542823578931,0.42142632959999976,30.403983018828875,90115,,NOT_MODELED
vision_transformer,c4_r8,linear_bit,1.0,ASWM,98,72.1510088735278,0.42142632959999976,30.406334846507836,84315,,NOT_MODELED
vision_transformer,c4_r8,conservative_walden,0.0,ASWM,98,63.752859924277644,0.8428526591999995,53.734267518782495,103113,,NOT_MODELED
vision_transformer,c4_r8,conservative_walden,0.5,ASWM,98,63.78658295256207,0.8428526591999995,53.7626910628483,103113,,NOT_MODELED
vision_transformer,c4_r8,conservative_walden,1.0,ASWM,98,63.83421799613196,0.8428526591999995,53.80284038599229,103113,,NOT_MODELED
gpt2_medium,c4_r32,optimistic_constant_symbol,0.0,ASWM,145,114.9515805450546,2.2629842944000007,260.1336213899152,1,,NOT_MODELED
gpt2_medium,c4_r32,optimistic_constant_symbol,0.5,ASWM,145,114.95827583915622,2.2629842944000007,260.14877273531357,1,,NOT_MODELED
gpt2_medium,c4_r32,optimistic_constant_symbol,1.0,ASWM,145,114.9657880826955,2.2629842944000007,260.16577282445866,1,,NOT_MODELED
gpt2_medium,c4_r32,linear_bit,0.0,ASWM,145,174.79080478920957,2.2629842944000007,395.5488460435177,61538,,NOT_MODELED
gpt2_medium,c4_r32,linear_bit,0.5,ASWM,145,174.7975000833116,2.2629842944000007,395.56399738891696,61538,,NOT_MODELED
gpt2_medium,c4_r32,linear_bit,1.0,ASWM,145,174.80501232685086,2.2629842944000007,395.580997478062,61538,,NOT_MODELED
gpt2_medium,c4_r32,conservative_walden,0.0,ASWM,145,187.85418412906617,4.525968588800001,850.2221366428053,60578,,NOT_MODELED
gpt2_medium,c4_r32,conservative_walden,0.5,ASWM,145,187.89933457204862,4.525968588800001,850.4264861295142,60578,,NOT_MODELED
gpt2_medium,c4_r32,conservative_walden,1.0,ASWM,145,187.9631112679173,4.525968588800001,850.7151374517133,60578,,NOT_MODELED
gpt2_medium,c8_r4,optimistic_constant_symbol,0.0,ASWM,145,134.92668633147358,2.262905651200001,305.3263609971815,1,,NOT_MODELED
gpt2_medium,c8_r4,optimistic_constant_symbol,0.5,ASWM,145,134.9802486970703,2.262905651200001,305.44756757698195,1,,NOT_MODELED
gpt2_medium,c8_r4,optimistic_constant_symbol,1.0,ASWM,145,135.04034665972546,2.262905651200001,305.58356359629994,1,,NOT_MODELED
gpt2_medium,c8_r4,linear_bit,0.0,ASWM,145,375.17344322997803,2.262905651200001,848.98210486528,60338,,NOT_MODELED
gpt2_medium,c8_r4,linear_bit,0.5,ASWM,145,375.2270055955745,2.262905651200001,849.10331144508,60338,,NOT_MODELED
gpt2_medium,c8_r4,linear_bit,1.0,ASWM,145,375.2871035582301,2.262905651200001,849.239307464399,60338,,NOT_MODELED
gpt2_medium,c8_r4,conservative_walden,0.0,ASWM,145,334.3522566226433,4.525811302400002,1513.215222005705,184208,,NOT_MODELED
gpt2_medium,c8_r4,conservative_walden,0.5,ASWM,145,334.7132157352653,4.525811302400002,1514.8488548373139,183773,,NOT_MODELED
gpt2_medium,c8_r4,conservative_walden,1.0,ASWM,145,335.2230840339172,4.525811302400002,1517.1564225460882,182425,,NOT_MODELED
vision_transformer,c8_r4,optimistic_constant_symbol,0.0,ASWM,98,25.097123251701515,0.42142632959999976,10.57658853548338,1,,NOT_MODELED
vision_transformer,c8_r4,optimistic_constant_symbol,0.5,ASWM,98,25.10709769363841,0.42142632959999976,10.580792027938653,1,,NOT_MODELED
vision_transformer,c8_r4,optimistic_constant_symbol,1.0,ASWM,98,25.118289201562977,0.42142632959999976,10.585508424045994,1,,NOT_MODELED
vision_transformer,c8_r4,linear_bit,0.0,ASWM,98,69.83533536902317,0.42142632959999976,29.43044906095248,22468,,NOT_MODELED
vision_transformer,c8_r4,linear_bit,0.5,ASWM,98,69.84530981096025,0.42142632959999976,29.43465255340783,22468,,NOT_MODELED
vision_transformer,c8_r4,linear_bit,1.0,ASWM,98,69.85650131888468,0.42142632959999976,29.439368949515114,22468,,NOT_MODELED
vision_transformer,c8_r4,conservative_walden,0.0,ASWM,98,62.23395577146196,0.8428526591999995,52.45405511451187,86985,,NOT_MODELED
vision_transformer,c8_r4,conservative_walden,0.5,ASWM,98,62.30117406948785,0.8428526591999995,52.51071023574989,86985,,NOT_MODELED
vision_transformer,c8_r4,conservative_walden,1.0,ASWM,98,62.396122439134956,0.8428526591999995,52.590737721593655,86985,,NOT_MODELED
gpt2_medium,c4_r8,optimistic_constant_symbol,0.0,ASWM,145,148.04718239596855,2.2629318656000006,335.0206866561327,1,,NOT_MODELED
gpt2_medium,c4_r8,optimistic_constant_symbol,0.5,ASWM,145,148.07389119511683,2.2629318656000006,335.08112684881723,1,,NOT_MODELED
gpt2_medium,c4_r8,optimistic_constant_symbol,1.0,ASWM,145,148.10385896065335,2.2629318656000006,335.14894186039066,1,,NOT_MODELED
gpt2_medium,c4_r8,linear_bit,0.0,ASWM,145,388.29392063008254,2.2629318656000006,878.6826862125712,139907,,NOT_MODELED
gpt2_medium,c4_r8,linear_bit,0.5,ASWM,145,388.320629429231,2.2629318656000006,878.7431264052562,137885,,NOT_MODELED
gpt2_medium,c4_r8,linear_bit,1.0,ASWM,145,388.3505971947673,2.2629318656000006,878.8109414168291,132493,,NOT_MODELED
gpt2_medium,c4_r8,conservative_walden,0.0,ASWM,145,343.3172646098098,4.525863731200001,1553.8071561923318,182847,,NOT_MODELED
gpt2_medium,c4_r8,conservative_walden,0.5,ASWM,145,343.49835584659655,4.525863731200001,1554.6267504529433,182510,,NOT_MODELED
gpt2_medium,c4_r8,conservative_walden,1.0,ASWM,145,343.75415401755976,4.525863731200001,1555.784458117413,181836,,NOT_MODELED
gpt2_medium,paper_optimum_8x8,optimistic_constant_symbol,0.0,ASWM,145,91.39893557365613,2.2629318656000006,206.82956379154794,1,,NOT_MODELED
gpt2_medium,paper_optimum_8x8,optimistic_constant_symbol,0.5,ASWM,145,91.42564437280427,2.2629318656000006,206.89000398423215,1,,NOT_MODELED
gpt2_medium,paper_optimum_8x8,optimistic_constant_symbol,1.0,ASWM,145,91.45561213834073,2.2629318656000006,206.95781899580544,1,,NOT_MODELED
gpt2_medium,paper_optimum_8x8,linear_bit,0.0,ASWM,145,211.10978108847215,2.2629318656000006,477.727050764944,62018,,NOT_MODELED
gpt2_medium,paper_optimum_8x8,linear_bit,0.5,ASWM,145,211.13648988761997,2.2629318656000006,477.78749095762754,62018,,NOT_MODELED
gpt2_medium,paper_optimum_8x8,linear_bit,1.0,ASWM,145,211.1664576531565,2.2629318656000006,477.85530596920097,62018,,NOT_MODELED
gpt2_medium,paper_optimum_8x8,conservative_walden,0.0,ASWM,145,207.10450084094413,4.525863731200001,937.3267489243092,148176,,NOT_MODELED
gpt2_medium,paper_optimum_8x8,conservative_walden,0.5,ASWM,145,207.2855920777311,4.525863731200001,938.1463431849215,147502,,NOT_MODELED
gpt2_medium,paper_optimum_8x8,conservative_walden,1.0,ASWM,145,207.54139024869428,4.525863731200001,939.304050849391,146154,,NOT_MODELED
resnet18,c8_r4,optimistic_constant_symbol,0.0,ASWM,21,3.6730695283026527,0.07884933119999997,0.2896190757577635,1,,NOT_MODELED
resnet18,c8_r4,optimistic_constant_symbol,0.5,ASWM,21,3.6749236735888067,0.07884933119999997,0.2897652738735244,1,,NOT_MODELED
resnet18,c8_r4,optimistic_constant_symbol,1.0,ASWM,21,3.6770040588168302,0.07884933119999997,0.28992931085739243,1,,NOT_MODELED
resnet18,c8_r4,linear_bit,0.0,ASWM,21,9.971062602744892,0.07884933119999997,0.7862116175797658,538,,NOT_MODELED
resnet18,c8_r4,linear_bit,0.5,ASWM,21,9.972916748031047,0.07884933119999997,0.7863578156955267,538,,NOT_MODELED
resnet18,c8_r4,linear_bit,1.0,ASWM,21,9.97499713325907,0.07884933119999997,0.7865218526793946,538,,NOT_MODELED
resnet18,c8_r4,conservative_walden,0.0,ASWM,21,8.781257469080538,0.15769866239999994,1.3847925570640096,1497,,NOT_MODELED
resnet18,c8_r4,conservative_walden,0.5,ASWM,21,8.79377206396251,0.15769866239999994,1.3867660919373745,1497,,NOT_MODELED
resnet18,c8_r4,conservative_walden,1.0,ASWM,21,8.811449399089035,0.15769866239999994,1.389553784041624,1497,,NOT_MODELED
mobilenet_v3,c4_r32,optimistic_constant_symbol,0.0,ASWM,64,0.4876993418909246,0.0383316736,0.01869433198829773,1,,NOT_MODELED
mobilenet_v3,c4_r32,optimistic_constant_symbol,0.5,ASWM,64,0.48777971984401336,0.0383316736,0.01869741300976016,1,,NOT_MODELED
mobilenet_v3,c4_r32,optimistic_constant_symbol,1.0,ASWM,64,0.48786990539069813,0.0383316736,0.01870086997269912,1,,NOT_MODELED
mobilenet_v3,c4_r32,linear_bit,0.0,ASWM,64,1.0622914097466298,0.0383316736,0.040719407586491674,602539,,NOT_MODELED
mobilenet_v3,c4_r32,linear_bit,0.5,ASWM,64,1.062371787699719,0.0383316736,0.04072248860795412,597963,,NOT_MODELED
mobilenet_v3,c4_r32,linear_bit,1.0,ASWM,64,1.0624619732464031,0.0383316736,0.040725945570893055,597510,,NOT_MODELED
mobilenet_v3,c4_r32,conservative_walden,0.0,ASWM,64,0.9602129303495798,0.0766633472,0.07361313726531925,506992,,NOT_MODELED
mobilenet_v3,c4_r32,conservative_walden,0.5,ASWM,64,0.9607568268755146,0.0766633472,0.07365483419352786,506773,,NOT_MODELED
mobilenet_v3,c4_r32,conservative_walden,1.0,ASWM,64,0.9615251011387872,0.0766633472,0.07371373267011795,506182,,NOT_MODELED
vgg16,compact_4x4,optimistic_constant_symbol,0.0,ASWM,16,41.488507194284885,0.5509324800000001,22.857366160045217,1,,NOT_MODELED
vgg16,compact_4x4,optimistic_constant_symbol,0.5,ASWM,16,41.500627658115405,0.5509324800000001,22.864043717242115,1,,NOT_MODELED
vgg16,compact_4x4,optimistic_constant_symbol,1.0,ASWM,16,41.51422704220797,0.5509324800000001,22.871536059646704,1,,NOT_MODELED
vgg16,compact_4x4,linear_bit,0.0,ASWM,16,123.10571178381193,0.5509324800000001,67.82293509522074,2455,,NOT_MODELED
vgg16,compact_4x4,linear_bit,0.5,ASWM,16,123.11783224764243,0.5509324800000001,67.82961265241762,2451,,NOT_MODELED
vgg16,compact_4x4,linear_bit,1.0,ASWM,16,123.131431631735,0.5509324800000001,67.83710499482221,2381,,NOT_MODELED
vgg16,compact_4x4,conservative_walden,0.0,ASWM,16,103.48784259159912,1.1018649600000001,114.02962753767868,2769,,NOT_MODELED
vgg16,compact_4x4,conservative_walden,0.5,ASWM,16,103.56972923215652,1.1018649600000001,114.11985555760099,2769,,NOT_MODELED
vgg16,compact_4x4,conservative_walden,1.0,ASWM,16,103.68539718634693,1.1018649600000001,114.24730602331829,2743,,NOT_MODELED
vision_transformer,c4_r32,optimistic_constant_symbol,0.0,ASWM,98,20.937697791884172,0.4214415359999999,8.824015517715472,1,,NOT_MODELED
vision_transformer,c4_r32,optimistic_constant_symbol,0.5,ASWM,98,20.938944643633008,0.4214415359999999,8.824540992831665,1,,NOT_MODELED
vision_transformer,c4_r32,optimistic_constant_symbol,1.0,ASWM,98,20.940343634305002,0.4214415359999999,8.82513058560932,1,,NOT_MODELED
vision_transformer,c4_r32,linear_bit,0.0,ASWM,98,32.08146045253348,0.4214415359999999,13.52045997023896,12084,,NOT_MODELED
vision_transformer,c4_r32,linear_bit,0.5,ASWM,98,32.08270730428236,0.4214415359999999,13.520985445355173,12084,,NOT_MODELED
vision_transformer,c4_r32,linear_bit,1.0,ASWM,98,32.08410629495434,0.4214415359999999,13.521575038132822,12084,,NOT_MODELED
vision_transformer,c4_r32,conservative_walden,0.0,ASWM,98,34.513990938238976,0.8428830719999998,29.09125870900302,28016,,NOT_MODELED
vision_transformer,c4_r32,conservative_walden,0.5,ASWM,98,34.52239923249739,0.8428830719999998,29.098345917897838,28016,,NOT_MODELED
vision_transformer,c4_r32,conservative_walden,1.0,ASWM,98,34.534276263823614,0.8428830719999998,29.108356866548323,28016,,NOT_MODELED
vision_transformer,c4_r16,optimistic_constant_symbol,0.0,ASWM,98,21.464148810246293,0.4214449151999999,9.045956375174427,1,,NOT_MODELED
vision_transformer,c4_r16,optimistic_constant_symbol,0.5,ASWM,98,21.466635743209892,0.4214449151999999,9.047004480426379,1,,NOT_MODELED
vision_transformer,c4_r16,optimistic_constant_symbol,1.0,ASWM,98,21.46942612788969,0.4214449151999999,9.048180473861132,1,,NOT_MODELED
vision_transformer,c4_r16,linear_bit,0.0,ASWM,98,43.75125020913934,0.4214449151999999,18.438741934284707,18506,,NOT_MODELED
vision_transformer,c4_r16,linear_bit,0.5,ASWM,98,43.75373714210297,0.4214449151999999,18.43979003953667,18506,,NOT_MODELED
vision_transformer,c4_r16,linear_bit,1.0,ASWM,98,43.75652752678268,0.4214449151999999,18.44096603297139,18506,,NOT_MODELED
vision_transformer,c4_r16,conservative_walden,0.0,ASWM,98,42.626492154161376,0.8428898303999998,35.929436742368004,50704,,NOT_MODELED
vision_transformer,c4_r16,conservative_walden,0.5,ASWM,98,42.64330851055563,0.8428898303999998,35.9436110781571,50559,,NOT_MODELED
vision_transformer,c4_r16,conservative_walden,1.0,ASWM,98,42.66706224532613,0.8428898303999998,35.96363285962917,49979,,NOT_MODELED
mobilenet_v3,paper_optimum_8x8,optimistic_constant_symbol,0.0,ASWM,64,0.35171547826174854,0.011831424000000004,0.004161294950677531,1,,NOT_MODELED
mobilenet_v3,paper_optimum_8x8,optimistic_constant_symbol,0.5,ASWM,64,0.35184791180924885,0.011831424000000004,0.0041628618281298315,1,,NOT_MODELED
mobilenet_v3,paper_optimum_8x8,optimistic_constant_symbol,1.0,ASWM,64,0.35199650469351285,0.011831424000000004,0.004164619893546942,1,,NOT_MODELED
mobilenet_v3,paper_optimum_8x8,linear_bit,0.0,ASWM,64,0.8403683627198866,0.011831424000000004,0.009942754415524774,139524,,NOT_MODELED
mobilenet_v3,paper_optimum_8x8,linear_bit,0.5,ASWM,64,0.8405007962673868,0.011831424000000004,0.009944321292977074,138099,,NOT_MODELED
mobilenet_v3,paper_optimum_8x8,linear_bit,1.0,ASWM,64,0.8406493891516503,0.011831424000000004,0.009946079358394179,135441,,NOT_MODELED
mobilenet_v3,paper_optimum_8x8,conservative_walden,0.0,ASWM,64,0.7739039015981268,0.023662848000000007,0.01831277039012344,255894,,NOT_MODELED
mobilenet_v3,paper_optimum_8x8,conservative_walden,0.5,ASWM,64,0.7747999661425056,0.023662848000000007,0.01833397382923526,254458,,NOT_MODELED
mobilenet_v3,paper_optimum_8x8,conservative_walden,1.0,ASWM,64,0.7760656909538451,0.023662848000000007,0.018363924483055818,252858,,NOT_MODELED
resnet18,c8_r16,optimistic_constant_symbol,0.0,ASWM,21,2.003449121940716,0.07884943359999998,0.15797082851144276,1,,NOT_MODELED
resnet18,c8_r16,optimistic_constant_symbol,0.5,ASWM,21,2.0039116220344013,0.07884943359999998,0.15800729638186978,1,,NOT_MODELED
resnet18,c8_r16,optimistic_constant_symbol,1.0,ASWM,21,2.004430555674633,0.07884943359999998,0.15804821400547805,1,,NOT_MODELED
resnet18,c8_r16,linear_bit,0.0,ASWM,21,3.5734916398382643,0.07884943359999998,0.28176779177558225,248,,NOT_MODELED
resnet18,c8_r16,linear_bit,0.5,ASWM,21,3.573954139931949,0.07884943359999998,0.28180425964600925,248,,NOT_MODELED
resnet18,c8_r16,linear_bit,1.0,ASWM,21,3.5744730735721824,0.07884943359999998,0.2818451772696176,248,,NOT_MODELED
resnet18,c8_r16,conservative_walden,0.0,ASWM,21,3.754973727123712,0.15769886719999995,0.5921551031331711,480,,NOT_MODELED
resnet18,c8_r16,conservative_walden,0.5,ASWM,21,3.75809656883113,0.15769886719999995,0.5926475717328759,480,,NOT_MODELED
resnet18,c8_r16,conservative_walden,1.0,ASWM,21,3.7625076999887694,0.15769886719999995,0.5933432021195062,480,,NOT_MODELED
vgg16,paper_optimum_8x8,optimistic_constant_symbol,0.0,ASWM,16,24.14896137241067,0.6851633151999998,16.545982432557633,1,,NOT_MODELED
vgg16,paper_optimum_8x8,optimistic_constant_symbol,0.5,ASWM,16,24.15703607176132,0.6851633151999998,16.551514920333965,1,,NOT_MODELED
vgg16,paper_optimum_8x8,optimistic_constant_symbol,1.0,ASWM,16,24.166096033445683,0.6851633151999998,16.55772247371721,1,,NOT_MODELED
vgg16,paper_optimum_8x8,linear_bit,0.0,ASWM,16,51.39242989938769,0.6851633151999998,35.212207646048064,544,,NOT_MODELED
vgg16,paper_optimum_8x8,linear_bit,0.5,ASWM,16,51.40050459873833,0.6851633151999998,35.21774013382439,544,,NOT_MODELED
vgg16,paper_optimum_8x8,linear_bit,1.0,ASWM,16,51.40956456042269,0.6851633151999998,35.223947687207634,544,,NOT_MODELED
vgg16,paper_optimum_8x8,conservative_walden,0.0,ASWM,16,49.01443800939793,1.3703266303999997,67.16578967836793,1988,,NOT_MODELED
vgg16,paper_optimum_8x8,conservative_walden,0.5,ASWM,16,49.06924634460927,1.3703266303999997,67.24089499967592,1955,,NOT_MODELED
vgg16,paper_optimum_8x8,conservative_walden,1.0,ASWM,16,49.14666517585353,1.3703266303999997,67.34698408582437,1955,,NOT_MODELED
mobilenet_v3,c4_r8,optimistic_constant_symbol,0.0,ASWM,64,0.5438426373598837,0.011430016000000006,0.006216130046505672,1,,NOT_MODELED
mobilenet_v3,c4_r8,optimistic_constant_symbol,0.5,ASWM,64,0.5439649051541982,0.011430016000000006,0.0062175275693509705,1,,NOT_MODELED
mobilenet_v3,c4_r8,optimistic_constant_symbol,1.0,ASWM,64,0.5441020918757852,0.011430016000000006,0.006219095615773698,1,,NOT_MODELED
mobilenet_v3,c4_r8,linear_bit,0.0,ASWM,64,1.4932426051171954,0.011430016000000006,0.017067786868371234,279737,,NOT_MODELED
mobilenet_v3,c4_r8,linear_bit,0.5,ASWM,64,1.4933648729115097,0.011430016000000006,0.017069184391216533,278292,,NOT_MODELED
mobilenet_v3,c4_r8,linear_bit,1.0,ASWM,64,1.4935020596330975,0.011430016000000006,0.017070752437639267,274125,,NOT_MODELED
mobilenet_v3,c4_r8,conservative_walden,0.0,ASWM,64,1.2714161625674683,0.022860032000000013,0.029064614161609544,269760,,NOT_MODELED
mobilenet_v3,c4_r8,conservative_walden,0.5,ASWM,64,1.2722438875418525,0.022860032000000013,0.029083535981011165,269993,,NOT_MODELED
mobilenet_v3,c4_r8,conservative_walden,1.0,ASWM,64,1.2734130801447898,0.022860032000000013,0.029110263761328477,270317,,NOT_MODELED
resnet18,c4_r32,optimistic_constant_symbol,0.0,ASWM,21,2.7781394448121324,0.07884963839999998,0.21905529064821333,1,,NOT_MODELED
resnet18,c4_r32,optimistic_constant_symbol,0.5,ASWM,21,2.778315740704937,0.07884963839999998,0.21906919151561238,1,,NOT_MODELED
resnet18,c4_r32,optimistic_constant_symbol,1.0,ASWM,21,2.778513547950081,0.07884963839999998,0.2190847885453649,1,,NOT_MODELED
resnet18,c4_r32,linear_bit,0.0,ASWM,21,3.988733194207177,0.07884963839999998,0.3145101700373128,256,,NOT_MODELED
resnet18,c4_r32,linear_bit,0.5,ASWM,21,3.988909490099982,0.07884963839999998,0.31452407090471185,256,,NOT_MODELED
resnet18,c4_r32,linear_bit,1.0,ASWM,21,3.989107297345128,0.07884963839999998,0.31453966793446453,256,,NOT_MODELED
resnet18,c4_r32,conservative_walden,0.0,ASWM,21,8.427576941989015,0.07884963839999998,0.6645113944640114,256,,NOT_MODELED
resnet18,c4_r32,conservative_walden,0.5,ASWM,21,8.42775323788182,0.07884963839999998,0.6645252953314105,256,,NOT_MODELED
resnet18,c4_r32,conservative_walden,1.0,ASWM,21,8.427951045126964,0.07884963839999998,0.664540892361163,256,,NOT_MODELED
alexnet,compact_4x4,optimistic_constant_symbol,0.0,ASWM,8,1.9617102321991688,0.0274747392,0.05389747701564361,1,,NOT_MODELED
alexnet,compact_4x4,optimistic_constant_symbol,0.5,ASWM,8,1.962284001436634,0.0274747392,0.05391324117580395,1,,NOT_MODELED
alexnet,compact_4x4,optimistic_constant_symbol,1.0,ASWM,8,1.9629277811095802,0.0274747392,0.053930928854420405,1,,NOT_MODELED
alexnet,compact_4x4,linear_bit,0.0,ASWM,8,5.993708460933121,0.0274747392,0.16467557680497089,288,,NOT_MODELED
alexnet,compact_4x4,linear_bit,0.5,ASWM,8,5.994282230170587,0.0274747392,0.16469134096513124,285,,NOT_MODELED
alexnet,compact_4x4,linear_bit,1.0,ASWM,8,5.994926009843533,0.0274747392,0.1647090286437477,282,,NOT_MODELED
alexnet,compact_4x4,conservative_walden,0.0,ASWM,8,4.99357298278554,0.0549494784,0.27439423075639763,275,,NOT_MODELED
alexnet,compact_4x4,conservative_walden,0.5,ASWM,8,4.997452117454844,0.0549494784,0.2746073871831192,273,,NOT_MODELED
alexnet,compact_4x4,conservative_walden,1.0,ASWM,8,5.002931540815882,0.0549494784,0.274908478638741,273,,NOT_MODELED
vgg16,c4_r32,optimistic_constant_symbol,0.0,ASWM,16,25.463461441895415,0.6851657727999999,17.446692236999272,1,,NOT_MODELED
vgg16,c4_r32,optimistic_constant_symbol,0.5,ASWM,16,25.46498006037943,0.6851657727999999,17.44773274240646,1,,NOT_MODELED
vgg16,c4_r32,optimistic_constant_symbol,1.0,ASWM,16,25.466683978343536,0.6851657727999999,17.448900208675123,1,,NOT_MODELED
vgg16,c4_r32,linear_bit,0.0,ASWM,16,35.69083701467442,0.6851657727999999,24.45413992503824,408,,NOT_MODELED
vgg16,c4_r32,linear_bit,0.5,ASWM,16,35.69235563315844,0.6851657727999999,24.455180430445434,408,,NOT_MODELED
vgg16,c4_r32,linear_bit,1.0,ASWM,16,35.694059551122535,0.6851657727999999,24.45634789671409,408,,NOT_MODELED
vgg16,c4_r32,conservative_walden,0.0,ASWM,16,73.19121411486412,0.6851657727999999,50.148114781181135,408,,NOT_MODELED
vgg16,c4_r32,conservative_walden,0.5,ASWM,16,73.19273273334812,0.6851657727999999,50.14915528658832,408,,NOT_MODELED
vgg16,c4_r32,conservative_walden,1.0,ASWM,16,73.19443665131224,0.6851657727999999,50.150322752856994,408,,NOT_MODELED
alexnet,c8_r32,optimistic_constant_symbol,0.0,ASWM,8,0.6336487680631118,0.0346481664,0.021954767955005703,1,,NOT_MODELED
alexnet,c8_r32,optimistic_constant_symbol,0.5,ASWM,8,0.6337278120896143,0.0346481664,0.021957506685588886,1,,NOT_MODELED
alexnet,c8_r32,optimistic_constant_symbol,1.0,ASWM,8,0.633816500946052,0.0346481664,0.021960579591844567,1,,NOT_MODELED
alexnet,c8_r32,linear_bit,0.0,ASWM,8,0.8922520554505551,0.0346481664,0.030914897687992857,1,,NOT_MODELED
alexnet,c8_r32,linear_bit,0.5,ASWM,8,0.8923310994770572,0.0346481664,0.030917636418576033,1,,NOT_MODELED
alexnet,c8_r32,linear_bit,1.0,ASWM,8,0.8924197883334953,0.0346481664,0.030920709324831725,1,,NOT_MODELED
alexnet,c8_r32,conservative_walden,0.0,ASWM,8,1.8404641092045135,0.0346481664,0.06376870670894576,99,,NOT_MODELED
alexnet,c8_r32,conservative_walden,0.5,ASWM,8,1.8405431532310157,0.0346481664,0.06377144543952892,99,,NOT_MODELED
alexnet,c8_r32,conservative_walden,1.0,ASWM,8,1.8406318420874535,0.0346481664,0.06377451834578461,99,,NOT_MODELED
resnet18,paper_optimum_8x8,optimistic_constant_symbol,0.0,ASWM,21,2.498623304618629,0.07884933119999997,0.19701477648991267,1,,NOT_MODELED
resnet18,paper_optimum_8x8,optimistic_constant_symbol,0.5,ASWM,21,2.499546963123862,0.07884933119999997,0.1970876063453075,1,,NOT_MODELED
resnet18,paper_optimum_8x8,optimistic_constant_symbol,1.0,ASWM,21,2.5005833250122045,0.07884933119999997,0.1971693227870845,1,,NOT_MODELED
resnet18,paper_optimum_8x8,linear_bit,0.0,ASWM,21,5.63870330853932,0.07884933119999997,0.44460798471355245,480,,NOT_MODELED
resnet18,paper_optimum_8x8,linear_bit,0.5,ASWM,21,5.639626967044551,0.07884933119999997,0.4446808145689471,480,,NOT_MODELED
resnet18,paper_optimum_8x8,linear_bit,1.0,ASWM,21,5.640663328932897,0.07884933119999997,0.4447625310107244,480,,NOT_MODELED
resnet18,paper_optimum_8x8,conservative_walden,0.0,ASWM,21,5.374333620650399,0.15769866239999994,0.8475252232679166,1236,,NOT_MODELED
resnet18,paper_optimum_8x8,conservative_walden,0.5,ASWM,21,5.380602381782476,0.15769866239999994,0.8485137985133503,1236,,NOT_MODELED
resnet18,paper_optimum_8x8,conservative_walden,1.0,ASWM,21,5.389457242239812,0.15769866239999994,0.8499101981632109,1235,,NOT_MODELED
resnet18,compact_4x4,optimistic_constant_symbol,0.0,ASWM,21,4.851286777954644,0.0643986432,0.31241628627437873,1,,NOT_MODELED
resnet18,compact_4x4,optimistic_constant_symbol,0.5,ASWM,21,4.852695797268461,0.0643986432,0.3125070252064311,1,,NOT_MODELED
resnet18,compact_4x4,optimistic_constant_symbol,1.0,ASWM,21,4.8542767429410345,0.0643986432,0.31260883596271777,1,,NOT_MODELED
resnet18,compact_4x4,linear_bit,0.0,ASWM,21,14.517927869505879,0.0643986432,0.9349348568716452,1322,,NOT_MODELED
resnet18,compact_4x4,linear_bit,0.5,ASWM,21,14.519336888819693,0.0643986432,0.9350255958036974,1322,,NOT_MODELED
resnet18,compact_4x4,linear_bit,1.0,ASWM,21,14.520917834492263,0.0643986432,0.9351274065599838,1280,,NOT_MODELED
resnet18,compact_4x4,conservative_walden,0.0,ASWM,21,12.18656541682389,0.1287972864,1.5695965562230019,1389,,NOT_MODELED
resnet18,compact_4x4,conservative_walden,0.5,ASWM,21,12.196079486707827,0.1287972864,1.570821942606673,1389,,NOT_MODELED
resnet18,compact_4x4,conservative_walden,1.0,ASWM,21,12.209518467621054,0.1287972864,1.5725528468802779,1389,,NOT_MODELED
resnet18,c8_r32,optimistic_constant_symbol,0.0,ASWM,21,1.8902952744953694,0.07884963839999998,0.14904909886318857,1,,NOT_MODELED
resnet18,c8_r32,optimistic_constant_symbol,0.5,ASWM,21,1.890525113442499,0.07884963839999998,0.14906722158105998,1,,NOT_MODELED
resnet18,c8_r32,optimistic_constant_symbol,1.0,ASWM,21,1.8907829969826953,0.07884963839999998,0.14908755560495376,1,,NOT_MODELED
resnet18,c8_r32,linear_bit,0.0,ASWM,21,2.6676279366494033,0.07884963839999998,0.2103414981905435,1,,NOT_MODELED
resnet18,c8_r32,linear_bit,0.5,ASWM,21,2.667857775596534,0.07884963839999998,0.21035962090841498,1,,NOT_MODELED
resnet18,c8_r32,linear_bit,1.0,ASWM,21,2.6681156591367303,0.07884963839999998,0.2103799549323088,1,,NOT_MODELED
resnet18,c8_r32,conservative_walden,0.0,ASWM,21,5.517847697880867,0.07884963839999998,0.43508029572417867,364,,NOT_MODELED
resnet18,c8_r32,conservative_walden,0.5,ASWM,21,5.518077536827995,0.07884963839999998,0.43509841844205,364,,NOT_MODELED
resnet18,c8_r32,conservative_walden,1.0,ASWM,21,5.518335420368191,0.07884963839999998,0.4351187524659438,364,,NOT_MODELED
alexnet,c8_r16,optimistic_constant_symbol,0.0,ASWM,8,0.6755703995378953,0.034646527999999996,0.023406168763560876,1,,NOT_MODELED
alexnet,c8_r16,optimistic_constant_symbol,0.5,ASWM,8,0.6757411626033483,0.034646527999999996,0.023412085110889456,1,,NOT_MODELED
alexnet,c8_r16,optimistic_constant_symbol,1.0,ASWM,8,0.6759327619140996,0.034646527999999996,0.023418723361774182,1,,NOT_MODELED
alexnet,c8_r16,linear_bit,0.0,ASWM,8,1.229559100852865,0.034646527999999996,0.04259995381535361,98,,NOT_MODELED
alexnet,c8_r16,linear_bit,0.5,ASWM,8,1.2297298639183178,0.034646527999999996,0.042605870162682184,98,,NOT_MODELED
alexnet,c8_r16,linear_bit,1.0,ASWM,8,1.2299214632290694,0.034646527999999996,0.04261250841356692,98,,NOT_MODELED
alexnet,c8_r16,conservative_walden,0.0,ASWM,8,1.321901854794375,0.06929305599999999,0.0915986192507705,115,,NOT_MODELED
alexnet,c8_r16,conservative_walden,0.5,ASWM,8,1.3230553324715821,0.06929305599999999,0.09167854724405194,115,,NOT_MODELED
alexnet,c8_r16,conservative_walden,1.0,ASWM,8,1.3246846629975217,0.06929305599999999,0.0917914485354284,115,,NOT_MODELED
vgg16,c8_r16,optimistic_constant_symbol,0.0,ASWM,16,19.72021986902483,0.6851641343999999,13.511587376738078,1,,NOT_MODELED
vgg16,c8_r16,optimistic_constant_symbol,0.5,ASWM,16,19.724263359656547,0.6851641343999999,13.514357831496712,1,,NOT_MODELED
vgg16,c8_r16,optimistic_constant_symbol,1.0,ASWM,16,19.728800230765106,0.6851641343999999,13.517466332862693,1,,NOT_MODELED
vgg16,c8_r16,linear_bit,0.0,ASWM,16,33.34197426001098,0.6851641343999999,22.844724933047498,544,,NOT_MODELED
vgg16,c8_r16,linear_bit,0.5,ASWM,16,33.34601775064268,0.6851641343999999,22.847495387806124,544,,NOT_MODELED
vgg16,c8_r16,linear_bit,1.0,ASWM,16,33.35055462175126,0.6851641343999999,22.850603889172117,544,,NOT_MODELED
vgg16,c8_r16,conservative_walden,0.0,ASWM,16,34.82233076247642,1.3703282687999998,47.71802422932529,510,,NOT_MODELED
vgg16,c8_r16,conservative_walden,0.5,ASWM,16,34.849630900914825,1.3703282687999998,47.75543438076959,510,,NOT_MODELED
vgg16,c8_r16,conservative_walden,1.0,ASWM,16,34.88819337143248,1.3703282687999998,47.8082776242347,510,,NOT_MODELED
vgg16,c8_r32,optimistic_constant_symbol,0.0,ASWM,16,18.73829521656691,0.6851657727999999,12.838838523013608,1,,NOT_MODELED
vgg16,c8_r32,optimistic_constant_symbol,0.5,ASWM,16,18.74031699069383,0.6851657727999999,12.840223773445707,1,,NOT_MODELED
vgg16,c8_r32,optimistic_constant_symbol,1.0,ASWM,16,18.742585458574663,0.6851657727999999,12.84177804999435,1,,NOT_MODELED
vgg16,c8_r32,linear_bit,0.0,ASWM,16,25.53048652859619,0.6851657727999999,17.492615532325594,1,,NOT_MODELED
vgg16,c8_r32,linear_bit,0.5,ASWM,16,25.532508302723112,0.6851657727999999,17.494000782757695,1,,NOT_MODELED
vgg16,c8_r32,linear_bit,1.0,ASWM,16,25.53477677060394,0.6851657727999999,17.495555059306334,1,,NOT_MODELED
vgg16,c8_r32,conservative_walden,0.0,ASWM,16,50.4351880060369,0.6851657727999999,34.55646456646956,544,,NOT_MODELED
vgg16,c8_r32,conservative_walden,0.5,ASWM,16,50.43720978016383,0.6851657727999999,34.557849816901665,544,,NOT_MODELED
vgg16,c8_r32,conservative_walden,1.0,ASWM,16,50.439478248044665,0.6851657727999999,34.55940409345031,544,,NOT_MODELED
vgg16,c4_r16,optimistic_constant_symbol,0.0,ASWM,16,22.875037425870964,0.5562318848,12.723825182262745,1,,NOT_MODELED
vgg16,c4_r16,optimistic_constant_symbol,0.5,ASWM,16,22.87791189710262,0.5562318848,12.725424054813734,1,,NOT_MODELED
vgg16,c4_r16,optimistic_constant_symbol,1.0,ASWM,16,22.88113710687089,0.5562318848,12.727218019322015,1,,NOT_MODELED
vgg16,c4_r16,linear_bit,0.0,ASWM,16,42.229584292392055,0.5562318848,23.489441265277705,1398,,NOT_MODELED
vgg16,c4_r16,linear_bit,0.5,ASWM,16,42.232458763623704,0.5562318848,23.49104013782869,1398,,NOT_MODELED
vgg16,c4_r16,linear_bit,1.0,ASWM,16,42.23568397339197,0.5562318848,23.492834102336968,1398,,NOT_MODELED
vgg16,c4_r16,conservative_walden,0.0,ASWM,16,41.65519902181011,1.1124637696,46.33989972724111,2852,,NOT_MODELED
vgg16,c4_r16,conservative_walden,0.5,ASWM,16,41.67462212129885,1.1124637696,46.36150722171567,2852,,NOT_MODELED
vgg16,c4_r16,conservative_walden,1.0,ASWM,16,41.70205797855968,1.1124637696,46.39202861890625,2722,,NOT_MODELED
vgg16,c8_r4,optimistic_constant_symbol,0.0,ASWM,16,34.59711221367895,0.6851633151999998,23.704672100670674,1,,NOT_MODELED
vgg16,c8_r4,optimistic_constant_symbol,0.5,ASWM,16,34.6133231705543,0.6851633151999998,23.715779253625957,1,,NOT_MODELED
vgg16,c8_r4,optimistic_constant_symbol,1.0,ASWM,16,34.63151216333037,0.6851633151999998,23.728241684216556,1,,NOT_MODELED
vgg16,c8_r4,linear_bit,0.0,ASWM,16,89.2361281540043,0.6851633151999998,61.14132140160963,776,,NOT_MODELED
vgg16,c8_r4,linear_bit,0.5,ASWM,16,89.25233911087969,0.6851633151999998,61.152428554564935,776,,NOT_MODELED
vgg16,c8_r4,linear_bit,1.0,ASWM,16,89.27052810365572,0.6851633151999998,61.16489098515551,643,,NOT_MODELED
vgg16,c8_r4,conservative_walden,0.0,ASWM,16,78.84219709419224,1.3703266303999997,108.0395622774171,2122,,NOT_MODELED
vgg16,c8_r4,conservative_walden,0.5,ASWM,16,78.95160463711363,1.3703266303999997,108.18948634704891,2122,,NOT_MODELED
vgg16,c8_r4,conservative_walden,1.0,ASWM,16,79.10614689915506,1.3703266303999997,108.40125972424654,2122,,NOT_MODELED
vgg16,c4_r8,optimistic_constant_symbol,0.0,ASWM,16,28.123287273495915,0.5562310655999999,15.643046048311549,1,,NOT_MODELED
vgg16,c4_r8,optimistic_constant_symbol,0.5,ASWM,16,28.1292334836807,0.5562310655999999,15.646353515138914,1,,NOT_MODELED
vgg16,c4_r8,optimistic_constant_symbol,1.0,ASWM,16,28.135905241241193,0.5562310655999999,15.650064553956211,1,,NOT_MODELED
vgg16,c4_r8,linear_bit,0.0,ASWM,16,68.30945557174614,0.5562310655999999,37.99584126322821,2736,,NOT_MODELED
vgg16,c4_r8,linear_bit,0.5,ASWM,16,68.31540178193094,0.5562310655999999,37.99914873005558,2593,,NOT_MODELED
vgg16,c4_r8,linear_bit,1.0,ASWM,16,68.32207353949144,0.5562310655999999,38.00285976887288,1998,,NOT_MODELED
vgg16,c4_r8,conservative_walden,0.0,ASWM,16,61.19700516000261,1.1124621311999998,68.07935078335389,3766,,NOT_MODELED
vgg16,c4_r8,conservative_walden,0.5,ASWM,16,61.237158659615446,1.1124621311999998,68.12402003110833,3766,,NOT_MODELED
vgg16,c4_r8,conservative_walden,1.0,ASWM,16,61.293876985366595,1.1124621311999998,68.18711702065154,3762,,NOT_MODELED
resnet18,c4_r8,optimistic_constant_symbol,0.0,ASWM,21,3.221713903946729,0.0647599104,0.20863790375402436,1,,NOT_MODELED
resnet18,c4_r8,optimistic_constant_symbol,0.5,ASWM,21,3.2224057552477094,0.0647599104,0.20868270798228597,1,,NOT_MODELED
resnet18,c4_r8,optimistic_constant_symbol,1.0,ASWM,21,3.223182025175041,0.0647599104,0.2087329791532262,1,,NOT_MODELED
resnet18,c4_r8,linear_bit,0.0,ASWM,21,7.989223387436009,0.0647599104,0.5173813907359404,1644,,NOT_MODELED
resnet18,c4_r8,linear_bit,0.5,ASWM,21,7.989915238736989,0.0647599104,0.517426194964202,1610,,NOT_MODELED
resnet18,c4_r8,linear_bit,1.0,ASWM,21,7.990691508664323,0.0647599104,0.5174764661351423,1380,,NOT_MODELED
resnet18,c4_r8,conservative_walden,0.0,ASWM,21,7.136592999668967,0.1295198208,0.9243302464396591,2234,,NOT_MODELED
resnet18,c4_r8,conservative_walden,0.5,ASWM,21,7.1412661768628265,0.1295198208,0.9249355155123743,2234,,NOT_MODELED
resnet18,c4_r8,conservative_walden,1.0,ASWM,21,7.147867215101831,0.1295198208,0.9257904808021842,2234,,NOT_MODELED
alexnet,c4_r8,optimistic_constant_symbol,0.0,ASWM,8,1.2641733793340986,0.0277170176,0.035039115804454686,1,,NOT_MODELED
alexnet,c4_r8,optimistic_constant_symbol,0.5,ASWM,8,1.2644571264682793,0.0277170176,0.03504698042876673,1,,NOT_MODELED
alexnet,c4_r8,optimistic_constant_symbol,1.0,ASWM,8,1.2647754959891853,0.0277170176,0.03505580468238098,1,,NOT_MODELED
alexnet,c4_r8,linear_bit,0.0,ASWM,8,3.260608668477395,0.0277170176,0.09037434785090052,211,,NOT_MODELED
alexnet,c4_r8,linear_bit,0.5,ASWM,8,3.260892415611576,0.0277170176,0.09038221247521257,207,,NOT_MODELED
alexnet,c4_r8,linear_bit,1.0,ASWM,8,3.261210785132482,0.0277170176,0.09039103672882683,182,,NOT_MODELED
alexnet,c4_r8,conservative_walden,0.0,ASWM,8,2.8912716121467184,0.0554340352,0.16027485232050193,243,,NOT_MODELED
alexnet,c4_r8,conservative_walden,0.5,ASWM,8,2.8931902348583374,0.0554340352,0.16038120931943334,243,,NOT_MODELED
alexnet,c4_r8,conservative_walden,1.0,ASWM,8,2.895900361472466,0.0554340352,0.1605314425735574,242,,NOT_MODELED
alexnet,c8_r4,optimistic_constant_symbol,0.0,ASWM,8,1.2641702410602067,0.0307974144,0.038933174786079085,1,,NOT_MODELED
alexnet,c8_r4,optimistic_constant_symbol,0.5,ASWM,8,1.2648566299099888,0.0307974144,0.03895431378792536,1,,NOT_MODELED
alexnet,c8_r4,optimistic_constant_symbol,1.0,ASWM,8,1.2656267708662714,0.0307974144,0.03897803213810241,1,,NOT_MODELED
alexnet,c8_r4,linear_bit,0.0,ASWM,8,3.4950104491902545,0.0307974144,0.10763728513604241,105,,NOT_MODELED
alexnet,c8_r4,linear_bit,0.5,ASWM,8,3.495696838040037,0.0307974144,0.1076584241378887,105,,NOT_MODELED
alexnet,c8_r4,linear_bit,1.0,ASWM,8,3.4964669789963194,0.0307974144,0.10768214248806575,102,,NOT_MODELED
alexnet,c8_r4,conservative_walden,0.0,ASWM,8,3.1041807653684814,0.0615948288,0.1912014828071246,246,,NOT_MODELED
alexnet,c8_r4,conservative_walden,0.5,ASWM,8,3.108819399987072,0.0615948288,0.19148719871232242,246,,NOT_MODELED
alexnet,c8_r4,conservative_walden,1.0,ASWM,8,3.1153716455416167,0.0615948288,0.19189078315551017,241,,NOT_MODELED
alexnet,paper_optimum_8x8,optimistic_constant_symbol,0.0,ASWM,8,0.8500295738337147,0.0307974144,0.02617871303761231,1,,NOT_MODELED
alexnet,paper_optimum_8x8,optimistic_constant_symbol,0.5,ASWM,8,0.8503718585122331,0.0307974144,0.02618925452069941,1,,NOT_MODELED
alexnet,paper_optimum_8x8,optimistic_constant_symbol,1.0,ASWM,8,0.8507559082381554,0.0307974144,0.026201082259258848,1,,NOT_MODELED
alexnet,paper_optimum_8x8,linear_bit,0.0,ASWM,8,1.9626301477365629,0.0307974144,0.06044393397377615,93,,NOT_MODELED
alexnet,paper_optimum_8x8,linear_bit,0.5,ASWM,8,1.962972432415081,0.0307974144,0.06045447545686324,93,,NOT_MODELED
alexnet,paper_optimum_8x8,linear_bit,1.0,ASWM,8,1.9633564821410032,0.0307974144,0.06046630319542268,93,,NOT_MODELED
alexnet,paper_optimum_8x8,conservative_walden,0.0,ASWM,8,1.8965185898428907,0.0615948288,0.11681573785739027,244,,NOT_MODELED
alexnet,paper_optimum_8x8,conservative_walden,0.5,ASWM,8,1.8988392320143181,0.0615948288,0.11695867741464541,237,,NOT_MODELED
alexnet,paper_optimum_8x8,conservative_walden,1.0,ASWM,8,1.9021172262090944,0.0615948288,0.11716058490588005,232,,NOT_MODELED
